,Unnamed: 0,as_of_year,respondent_id,agency_name,agency_abbr,agency_code,loan_type_name,loan_type,property_type_name,property_type,loan_purpose_name,loan_purpose,owner_occupancy_name,owner_occupancy,loan_amount_000s,preapproval_name,preapproval,action_taken_name,action_taken,msamd_name,msamd,state_name,state_abbr,state_code,county_name,county_code,census_tract_number,applicant_ethnicity_name,applicant_ethnicity,co_applicant_ethnicity_name,co_applicant_ethnicity,applicant_race_name_1,applicant_race_1,applicant_race_name_2,applicant_race_2,applicant_race_name_3,applicant_race_3,applicant_race_name_4,applicant_race_4,applicant_race_name_5,applicant_race_5,co_applicant_race_name_1,co_applicant_race_1,co_applicant_race_name_2,co_applicant_race_2,co_applicant_race_name_3,co_applicant_race_3,co_applicant_race_name_4,co_applicant_race_4,co_applicant_race_name_5,co_applicant_race_5,applicant_sex_name,applicant_sex,co_applicant_sex_name,co_applicant_sex,applicant_income_000s,purchaser_type_name,purchaser_type,denial_reason_name_1,denial_reason_1,denial_reason_name_2,denial_reason_2,denial_reason_name_3,denial_reason_3,rate_spread,hoepa_status_name,hoepa_status,lien_status_name,lien_status,edit_status_name,edit_status,sequence_number,population,minority_population,hud_median_family_income,tract_to_msamd_income,number_of_owner_occupied_units,number_of_1_to_4_family_units,application_date_indicator
63223,19185,2016,0000058937,Federal Deposit Insurance Corporation,FDIC,3,Conventional,1,One-to-four family dwelling (other than manufactured housing),1,Home purchase,1,Owner-occupied as a principal dwelling,1,114,Not applicable,3,Loan originated,1,"Providence, Warwick - RI, MA",39300.0,Rhode Island,RI,44,Providence County,7.0,148.0,Not Hispanic or Latino,2,No co-applicant,5,White,5,,,,,,,,,No co-applicant,8,,,,,,,,,Male,1,No co-applicant,5,71.0,"Life insurance company, credit union, mortgage bank, or finance company",7,,,,,,,,Not a HOEPA loan,2,Secured by a first lien,1,,,288.0,5591.0,14.199999809265135,73100.0,98.11000061035156,1485.0,1850.0,0.0
171929,564,2013,0000451965,Consumer Financial Protection Bureau,CFPB,9,FHA-insured,2,One-to-four family dwelling (other than manufactured housing),1,Home purchase,1,Owner-occupied as a principal dwelling,1,224,Not applicable,3,Loan purchased by the institution,6,"Providence, New Bedford, Fall River - RI, MA",39300.0,Rhode Island,RI,44,Kent County,3.0,222.02,Not Hispanic or Latino,2,Not Hispanic or Latino,2,White,5,,,,,,,,,White,5,,,,,,,,,Male,1,Female,2,96.0,Ginnie Mae (GNMA),2,,,,,,,,Not a HOEPA loan,2,Not applicable,4,,,1968877.0,3583.0,13.789999961853027,71100.0,102.0999984741211,664.0,768.0,2.0
132035,4281,2015,0000023623,Federal Deposit Insurance Corporation,FDIC,3,Conventional,1,One-to-four family dwelling (other than manufactured housing),1,Refinancing,3,Owner-occupied as a principal dwelling,1,140,Not applicable,3,Application denied by financial institution,3,"Providence, Warwick - RI, MA",39300.0,Rhode Island,RI,44,Washington County,9.0,501.04,Not Hispanic or Latino,2,No co-applicant,5,White,5,,,,,,,,,No co-applicant,8,,,,,,,,,Male,1,No co-applicant,5,85.0,Loan was not originated or was not sold in calendar year covered by register,0,,,,,,,,Not a HOEPA loan,2,Secured by a first lien,1,,,891.0,3934.0,4.46999979019165,74400.0,138.30000305175778,1225.0,1407.0,0.0
19269,19269,2017,0000023623,Federal Deposit Insurance Corporation,FDIC,3,Conventional,1,One-to-four family dwelling (other than manufactured housing),1,Refinancing,3,Owner-occupied as a principal dwelling,1,424,Not applicable,3,Application withdrawn by applicant,4,"Providence, Warwick - RI, MA",39300.0,Rhode Island,RI,44,Washington County,9.0,513.02,Not Hispanic or Latino,2,Not Hispanic or Latino,2,White,5,,,,,,,,,White,5,,,,,,,,,Male,1,Female,2,175.0,Loan was not originated or was not sold in calendar year covered by register,0,,,,,,,,Not a HOEPA loan,2,Secured by a first lien,1,,,,4082.0,4.0900001525878915,74500.0,134.03999328613278,1532.0,3640.0,
38860,38860,2017,7442300004,Department of Housing and Urban Development,HUD,7,Conventional,1,One-to-four family dwelling (other than manufactured housing),1,Home purchase,1,Owner-occupied as a principal dwelling,1,8,Not applicable,3,Application denied by financial institution,3,"Providence, Warwick - RI, MA",39300.0,Rhode Island,RI,44,Providence County,7.0,176.0,Not Hispanic or Latino,2,Not Hispanic or Latino,2,White,5,,,,,,,,,White,5,,,,,,,,,Male,1,Female,2,50.0,Loan was not originated or was not sold in calendar year covered by register,0,Collateral,4.0,,,,,,Not a HOEPA loan,2,Secured by a subordinate lien,2,,,,2698.0,45.7400016784668,74500.0,45.459999084472656,241.0,849.0,
80697,36659,2016,26-4599244,Department of Housing and Urban Development,HUD,7,FHA-insured,2,One-to-four family dwelling (other than manufactured housing),1,Refinancing,3,Owner-occupied as a principal dwelling,1,149,Not applicable,3,Application denied by financial institution,3,"Providence, Warwick - RI, MA",39300.0,Rhode Island,RI,44,Providence County,7.0,106.0,Not Hispanic or Latino,2,Not Hispanic or Latino,2,White,5,,,,,,,,,White,5,,,,,,,,,Female,2,Male,1,61.0,Loan was not originated or was not sold in calendar year covered by register,0,,,,,,,,Not a HOEPA loan,2,Secured by a first lien,1,,,434174.0,6367.0,14.170000076293945,73100.0,107.80999755859376,1623.0,2393.0,0.0
142672,14918,2015,26-2049351,Department of Housing and Urban Development,HUD,7,FHA-insured,2,One-to-four family dwelling (other than manufactured housing),1,Refinancing,3,Owner-occupied as a principal dwelling,1,191,Not applicable,3,Loan purchased by the institution,6,"Providence, Warwick - RI, MA",39300.0,Rhode Island,RI,44,Providence County,7.0,118.0,Not applicable,4,Not applicable,4,Not applicable,7,,,,,,,,,Not applicable,7,,,,,,,,,Not applicable,4,Not applicable,4,,Ginnie Mae (GNMA),2,,,,,,,,Not a HOEPA loan,2,Not applicable,4,,,123439.0,6734.0,23.85000038146973,74400.0,103.12999725341795,1838.0,2360.0,2.0
76186,32148,2016,22-3665409,Department of Housing and Urban Development,HUD,7,Conventional,1,One-to-four family dwelling (other than manufactured housing),1,Refinancing,3,Owner-occupied as a principal dwelling,1,303,Not applicable,3,Loan originated,1,"Providence, Warwick - RI, MA",39300.0,Rhode Island,RI,44,Washington County,9.0,511.02,Not Hispanic or Latino,2,No co-applicant,5,White,5,,,,,,,,,No co-applicant,8,,,,,,,,,Female,2,No co-applicant,5,128.0,"Commercial bank, savings bank or savings association",6,,,,,,,,Not a HOEPA loan,2,Secured by a first lien,1,,,1844.0,3162.0,5.150000095367432,73100.0,121.16999816894531,898.0,2086.0,0.0
46828,2790,2016,0000023623,Federal Deposit Insurance Corporation,FDIC,3,Conventional,1,One-to-four family dwelling (other than manufactured housing),1,Home purchase,1,Owner-occupied as a principal dwelling,1,232,Preapproval was not requested,2,Loan originated,1,"Providence, Warwick - RI, MA",39300.0,Rhode Island,RI,44,Providence County,7.0,101.02,Not Hispanic or Latino,2,No co-applicant,5,White,5,,,,,,,,,No co-applicant,8,,,,,,,,,Female,2,No co-applicant,5,57.0,Loan was not originated or was not sold in calendar year covered by register,0,,,,,,,,Not a HOEPA loan,2,Secured by a first lien,1,,,2217.0,3424.0,8.470000267028809,73100.0,137.1199951171875,1115.0,1274.0,0.0
213952,42587,2013,26-4599244,Department of Housing and Urban Development,HUD,7,Conventional,1,One-to-four family dwelling (other than manufactured housing),1,Refinancing,3,Owner-occupied as a principal dwelling,1,183,Not applicable,3,Application withdrawn by applicant,4,"Providence, New Bedford, Fall River - RI, MA",39300.0,Rhode Island,RI,44,Providence County,7.0,137.01,Not Hispanic or Latino,2,Not Hispanic or Latino,2,White,5,,,,,,,,,White,5,,,,,,,,,Male,1,Female,2,75.0,Loan was not originated or was not sold in calendar year covered by register,0,,,,,,,,Not a HOEPA loan,2,Secured by a first lien,1,,,149659.0,4138.0,32.700000762939446,71100.0,75.52999877929688,895.0,1701.0,0.0
141854,14100,2015,0003303298,Consumer Financial Protection Bureau,CFPB,9,Conventional,1,One-to-four family dwelling (other than manufactured housing),1,Refinancing,3,Owner-occupied as a principal dwelling,1,85,Not applicable,3,Loan originated,1,"Providence, Warwick - RI, MA",39300.0,Rhode Island,RI,44,Providence County,7.0,140.0,"Information not provided by applicant in mail, Internet, or telephone application",3,No co-applicant,5,"Information not provided by applicant in mail, Internet, or telephone application",6,,,,,,,,,No co-applicant,8,,,,,,,,,"Information not provided by applicant in mail, Internet, or telephone application",3,No co-applicant,5,26.0,Fannie Mae (FNMA),1,,,,,,,,Not a HOEPA loan,2,Secured by a first lien,1,,,15554.0,5772.0,26.559999465942386,74400.0,98.0500030517578,1750.0,2226.0,0.0
75974,31936,2016,26-4599244,Department of Housing and Urban Development,HUD,7,Conventional,1,One-to-four family dwelling (other than manufactured housing),1,Refinancing,3,Owner-occupied as a principal dwelling,1,180,Not applicable,3,Application denied by financial institution,3,"Providence, Warwick - RI, MA",39300.0,Rhode Island,RI,44,Kent County,3.0,201.01,Not Hispanic or Latino,2,No co-applicant,5,"Information not provided by applicant in mail, Internet, or telephone application",6,,,,,,,,,No co-applicant,8,,,,,,,,,Male,1,No co-applicant,5,1.0,Loan was not originated or was not sold in calendar year covered by register,0,,,,,,,,Not a HOEPA loan,2,Secured by a first lien,1,,,134634.0,6438.0,10.520000457763672,73100.0,118.5999984741211,2070.0,1834.0,0.0
200865,29500,2013,3303298,Consumer Financial Protection Bureau,CFPB,9,Conventional,1,One-to-four family dwelling (other than manufactured housing),1,Refinancing,3,Owner-occupied as a principal dwelling,1,100,Not applicable,3,Loan originated,1,"Providence, New Bedford, Fall River - RI, MA",39300.0,Rhode Island,RI,44,Providence County,7.0,33.0,Not Hispanic or Latino,2,Not Hispanic or Latino,2,Asian,2,,,,,,,,,White,5,,,,,,,,,Female,2,Male,1,204.0,Fannie Mae (FNMA),1,,,,,,,,Not a HOEPA loan,2,Secured by a first lien,1,,,1775.0,4132.0,21.709999084472656,71100.0,114.55999755859376,1116.0,2000.0,0.0
215124,43759,2013,3027509990,Department of Housing and Urban Development,HUD,7,Conventional,1,One-to-four family dwelling (other than manufactured housing),1,Home purchase,1,Owner-occupied as a principal dwelling,1,135,Not applicable,3,Application withdrawn by applicant,4,"Providence, New Bedford, Fall River - RI, MA",39300.0,Rhode Island,RI,44,Providence County,7.0,114.01,Not Hispanic or Latino,2,No co-applicant,5,White,5,,,,,,,,,No co-applicant,8,,,,,,,,,Female,2,No co-applicant,5,72.0,Loan was not originated or was not sold in calendar year covered by register,0,,,,,,,,Not a HOEPA loan,2,Secured by a first lien,1,,,3.0,8314.0,8.119999885559082,71100.0,146.60000610351562,2530.0,2630.0,0.0
159160,31406,2015,0000852218,Consumer Financial Protection Bureau,CFPB,9,Conventional,1,One-to-four family dwelling (other than manufactured housing),1,Refinancing,3,Not owner-occupied as a principal dwelling,2,166,Not applicable,3,Loan originated,1,"Providence, Warwick - RI, MA",39300.0,Rhode Island,RI,44,Providence County,7.0,25.0,Not Hispanic or Latino,2,Not Hispanic or Latino,2,White,5,,,,,,,,,White,5,,,,,,,,,Male,1,Female,2,170.0,Loan was not originated or was not sold in calendar year covered by register,0,,,,,,,,Not a HOEPA loan,2,Secured by a first lien,1,Quality edit failure only,6.0,367858.0,2984.0,58.13999938964844,74400.0,49.4000015258789,256.0,967.0,0.0
26026,26026,2017,0000058937,Federal Deposit Insurance Corporation,FDIC,3,Conventional,1,One-to-four family dwelling (other than manufactured housing),1,Refinancing,3,Owner-occupied as a principal dwelling,1,211,Not applicable,3,Loan originated,1,"Providence, Warwick - RI, MA",39300.0,Rhode Island,RI,44,Kent County,3.0,207.03,Not Hispanic or Latino,2,No co-applicant,5,White,5,,,,,,,,,No co-applicant,8,,,,,,,,,Male,1,No co-applicant,5,91.0,"Life insurance company, credit union, mortgage bank, or finance company",7,,,,,,,,Not a HOEPA loan,2,Secured by a first lien,1,,,,6869.0,3.890000104904175,74500.0,149.7100067138672,2204.0,2516.0,
94821,1008,2014,0000058937,Federal Deposit Insurance Corporation,FDIC,3,Conventional,1,One-to-four family dwelling (other than manufactured housing),1,Home purchase,1,Not owner-occupied as a principal dwelling,2,288,Not applicable,3,Loan originated,1,"Providence, Warwick - RI, MA",39300.0,Rhode Island,RI,44,Washington County,9.0,515.04,Not Hispanic or Latino,2,No co-applicant,5,White,5,,,,,,,,,No co-applicant,8,,,,,,,,,Female,2,No co-applicant,5,69.0,"Life insurance company, credit union, mortgage bank, or finance company",7,,,,,,,,Not a HOEPA loan,2,Secured by a first lien,1,,,810.0,4445.0,4.6599998474121085,72200.0,100.9800033569336,1292.0,3555.0,0.0
176121,4756,2013,0000058937,Federal Deposit Insurance Corporation,FDIC,3,Conventional,1,One-to-four family dwelling (other than manufactured housing),1,Home purchase,1,Not owner-occupied as a principal dwelling,2,108,Not applicable,3,Application withdrawn by applicant,4,"Providence, New Bedford, Fall River - RI, MA",39300.0,Rhode Island,RI,44,Providence County,7.0,163.0,Not Hispanic or Latino,2,No co-applicant,5,Black or African American,3,,,,,,,,,No co-applicant,8,,,,,,,,,Male,1,No co-applicant,5,347.0,Loan was not originated or was not sold in calendar year covered by register,0,,,,,,,,Not a HOEPA loan,2,Secured by a first lien,1,,,181.0,2678.0,31.520000457763672,71100.0,103.72000122070312,863.0,1104.0,0.0
184473,13108,2013,0000451965,Consumer Financial Protection Bureau,CFPB,9,Conventional,1,One-to-four family dwelling (other than manufactured housing),1,Refinancing,3,Owner-occupied as a principal dwelling,1,147,Not applicable,3,Loan purchased by the institution,6,"Providence, New Bedford, Fall River - RI, MA",39300.0,Rhode Island,RI,44,Providence County,7.0,134.0,Not Hispanic or Latino,2,No co-applicant,5,White,5,,,,,,,,,No co-applicant,8,,,,,,,,,Male,1,No co-applicant,5,56.0,Fannie Mae (FNMA),1,,,,,,,,Not a HOEPA loan,2,Not applicable,4,,,206100.0,3868.0,13.289999961853027,71100.0,138.57000732421878,1217.0,1650.0,2.0
169340,41586,2015,0000480808,Federal Reserve System,FRS,2,Conventional,1,One-to-four family dwelling (other than manufactured housing),1,Home improvement,2,Owner-occupied as a principal dwelling,1,25,Not applicable,3,Loan originated,1,"Providence, Warwick - RI, MA",39300.0,Rhode Island,RI,44,Newport County,5.0,407.0,Not Hispanic or Latino,2,Not Hispanic or Latino,2,White,5,,,,,,,,,White,5,,,,,,,,,Female,2,Male,1,77.0,Loan was not originated or was not sold in calendar year covered by register,0,,,,,,,,Not a HOEPA loan,2,Secured by a subordinate lien,2,,,279.0,3324.0,10.170000076293944,74400.0,130.77000427246094,922.0,1806.0,0.0
130062,2308,2015,0000017764,Federal Deposit Insurance Corporation,FDIC,3,Conventional,1,One-to-four family dwelling (other than manufactured housing),1,Home purchase,1,Owner-occupied as a principal dwelling,1,264,Not applicable,3,Loan originated,1,"Providence, Warwick - RI, MA",39300.0,Rhode Island,RI,44,Kent County,3.0,207.03,Not Hispanic or Latino,2,Not Hispanic or Latino,2,White,5,,,,,,,,,White,5,,,,,,,,,Male,1,Female,2,71.0,Loan was not originated or was not sold in calendar year covered by register,0,,,,,,,,Not a HOEPA loan,2,Secured by a first lien,1,,,41.0,6852.0,4.349999904632568,74400.0,151.16000366210938,2006.0,2245.0,0.0
70539,26501,2016,01-0681100,Department of Housing and Urban Development,HUD,7,FHA-insured,2,One-to-four family dwelling (other than manufactured housing),1,Home purchase,1,Owner-occupied as a principal dwelling,1,383,Not applicable,3,Loan originated,1,"Providence, Warwick - RI, MA",39300.0,Rhode Island,RI,44,Kent County,3.0,209.04,Not Hispanic or Latino,2,No co-applicant,5,White,5,,,,,,,,,No co-applicant,8,,,,,,,,,Female,2,No co-applicant,5,122.0,Ginnie Mae (GNMA),2,,,,,,,,Not a HOEPA loan,2,Secured by a first lien,1,,,1226.0,3713.0,6.630000114440918,73100.0,191.3999938964844,1170.0,1238.0,0.0
141698,13944,2015,0003303298,Consumer Financial Protection Bureau,CFPB,9,Conventional,1,One-to-four family dwelling (other than manufactured housing),1,Refinancing,3,Not owner-occupied as a principal dwelling,2,375,Not applicable,3,Application denied by financial institution,3,"Providence, Warwick - RI, MA",39300.0,Rhode Island,RI,44,Washington County,9.0,509.02,Not Hispanic or Latino,2,Not Hispanic or Latino,2,White,5,,,,,,,,,White,5,,,,,,,,,Male,1,Female,2,152.0,Loan was not originated or was not sold in calendar year covered by register,0,Other,9.0,,,,,,Not a HOEPA loan,2,Secured by a first lien,1,,,13137.0,5495.0,5.809999942779541,74400.0,143.7100067138672,1884.0,2396.0,0.0
177916,6551,2013,0000062882,National Credit Union Administration,NCUA,5,Conventional,1,One-to-four family dwelling (other than manufactured housing),1,Refinancing,3,Owner-occupied as a principal dwelling,1,110,Not applicable,3,Loan originated,1,"Providence, New Bedford, Fall River - RI, MA",39300.0,Rhode Island,RI,44,Kent County,3.0,211.0,Not Hispanic or Latino,2,Not Hispanic or Latino,2,White,5,,,,,,,,,White,5,,,,,,,,,Male,1,Female,2,71.0,Loan was not originated or was not sold in calendar year covered by register,0,,,,,,,,Not a HOEPA loan,2,Secured by a first lien,1,,,1404.0,5320.0,12.90999984741211,71100.0,100.30999755859376,1410.0,1811.0,0.0
190160,18795,2013,476810,Consumer Financial Protection Bureau,CFPB,9,Conventional,1,One-to-four family dwelling (other than manufactured housing),1,Refinancing,3,Not owner-occupied as a principal dwelling,2,160,Not applicable,3,Loan originated,1,"Providence, New Bedford, Fall River - RI, MA",39300.0,Rhode Island,RI,44,Providence County,7.0,123.0,Not Hispanic or Latino,2,Not Hispanic or Latino,2,White,5,,,,,,,,,White,5,,,,,,,,,Male,1,Female,2,50.0,Affiliate institution,8,,,,,,,,Not a HOEPA loan,2,Secured by a first lien,1,Quality edit failure only,6.0,406579.0,6656.0,9.8100004196167,71100.0,93.20999908447266,2067.0,2652.0,0.0
105815,12002,2014,86-0860478,Department of Housing and Urban Development,HUD,7,FHA-insured,2,One-to-four family dwelling (other than manufactured housing),1,Home purchase,1,Owner-occupied as a principal dwelling,1,269,Not applicable,3,Loan originated,1,"Providence, Warwick - RI, MA",39300.0,Rhode Island,RI,44,Kent County,3.0,215.02,Hispanic or Latino,1,Hispanic or Latino,1,White,5,,,,,,,,,White,5,,,,,,,,,Male,1,Female,2,156.0,Ginnie Mae (GNMA),2,,,,,,,2.29,Not a HOEPA loan,2,Secured by a first lien,1,,,16028.0,4286.0,7.579999923706055,72200.0,96.54000091552734,1388.0,1788.0,0.0
135981,8227,2015,7056000000,Department of Housing and Urban Development,HUD,7,Conventional,1,One-to-four family dwelling (other than manufactured housing),1,Refinancing,3,Owner-occupied as a principal dwelling,1,333,Not applicable,3,Application withdrawn by applicant,4,"Providence, Warwick - RI, MA",39300.0,Rhode Island,RI,44,Newport County,5.0,417.02,Not Hispanic or Latino,2,Not Hispanic or Latino,2,White,5,,,,,,,,,White,5,,,,,,,,,Male,1,Female,2,128.0,Loan was not originated or was not sold in calendar year covered by register,0,,,,,,,,Not a HOEPA loan,2,Secured by a first lien,1,,,23578.0,4977.0,2.6500000953674316,74400.0,107.19000244140624,1720.0,2259.0,0.0
54956,10918,2016,0000146672,Consumer Financial Protection Bureau,CFPB,9,Conventional,1,One-to-four family dwelling (other than manufactured housing),1,Home purchase,1,Owner-occupied as a principal dwelling,1,188,Not applicable,3,Loan originated,1,"Providence, Warwick - RI, MA",39300.0,Rhode Island,RI,44,Providence County,7.0,24.0,Not Hispanic or Latino,2,Not Hispanic or Latino,2,White,5,,,,,,,,,White,5,,,,,,,,,Female,2,Male,1,70.0,Fannie Mae (FNMA),1,,,,,,,,Not a HOEPA loan,2,Secured by a first lien,1,Quality edit failure only,6.0,83332.0,6760.0,20.84000015258789,73100.0,112.30999755859376,1571.0,2192.0,0.0
169290,41536,2015,0000451965,Consumer Financial Protection Bureau,CFPB,9,Conventional,1,One-to-four family dwelling (other than manufactured housing),1,Refinancing,3,Owner-occupied as a principal dwelling,1,211,Not applicable,3,Loan originated,1,"Providence, Warwick - RI, MA",39300.0,Rhode Island,RI,44,Kent County,3.0,201.02,Not Hispanic or Latino,2,No co-applicant,5,White,5,,,,,,,,,No co-applicant,8,,,,,,,,,Male,1,No co-applicant,5,43.0,Fannie Mae (FNMA),1,,,,,,,,Not a HOEPA loan,2,Secured by a first lien,1,Quality edit failure only,6.0,124995.0,4836.0,11.170000076293944,74400.0,80.7699966430664,1449.0,1850.0,0.0
13122,13122,2017,0000062882,National Credit Union Administration,NCUA,5,Conventional,1,One-to-four family dwelling (other than manufactured housing),1,Home purchase,1,Owner-occupied as a principal dwelling,1,257,Not applicable,3,Loan originated,1,"Providence, Warwick - RI, MA",39300.0,Rhode Island,RI,44,Providence County,7.0,126.02,Not Hispanic or Latino,2,Not Hispanic or Latino,2,White,5,,,,,,,,,White,5,,,,,,,,,Male,1,Female,2,89.0,Loan was not originated or was not sold in calendar year covered by register,0,,,,,,,,Not a HOEPA loan,2,Secured by a first lien,1,,,,7371.0,5.679999828338622,74500.0,97.9800033569336,2179.0,2584.0,
115650,21837,2014,05-0447801,Department of Housing and Urban Development,HUD,7,Conventional,1,One-to-four family dwelling (other than manufactured housing),1,Home purchase,1,Owner-occupied as a principal dwelling,1,152,Not applicable,3,Loan originated,1,"Providence, Warwick - RI, MA",39300.0,Rhode Island,RI,44,Kent County,3.0,203.0,Not Hispanic or Latino,2,No co-applicant,5,White,5,,,,,,,,,No co-applicant,8,,,,,,,,,Male,1,No co-applicant,5,83.0,Other type of purchaser,9,,,,,,,,Not a HOEPA loan,2,Secured by a first lien,1,,,218.0,5833.0,13.0600004196167,72200.0,56.22000122070313,862.0,1976.0,0.0
155334,27580,2015,0000497404,Consumer Financial Protection Bureau,CFPB,9,Conventional,1,One-to-four family dwelling (other than manufactured housing),1,Home purchase,1,Owner-occupied as a principal dwelling,1,110,Not applicable,3,Application denied by financial institution,3,"Providence, Warwick - RI, MA",39300.0,Rhode Island,RI,44,Providence County,7.0,143.0,Not Hispanic or Latino,2,Not Hispanic or Latino,2,Asian,2,,,,,,,,,Asian,2,,,,,,,,,Male,1,Female,2,14.0,Loan was not originated or was not sold in calendar year covered by register,0,Debt-to-income ratio,1.0,Employment history,2.0,,,,Not a HOEPA loan,2,Secured by a first lien,1,,,21685.0,4716.0,11.300000190734865,74400.0,98.2300033569336,1526.0,1728.0,0.0
207205,35840,2013,0003303298,Consumer Financial Protection Bureau,CFPB,9,Conventional,1,One-to-four family dwelling (other than manufactured housing),1,Refinancing,3,Owner-occupied as a principal dwelling,1,54,Not applicable,3,Loan originated,1,"Providence, New Bedford, Fall River - RI, MA",39300.0,Rhode Island,RI,44,Providence County,7.0,106.0,Not Hispanic or Latino,2,No co-applicant,5,White,5,,,,,,,,,No co-applicant,8,,,,,,,,,Male,1,No co-applicant,5,32.0,Freddie Mac (FHLMC),3,,,,,,,,Not a HOEPA loan,2,Secured by a first lien,1,,,7220.0,6367.0,14.170000076293945,71100.0,107.80999755859376,1623.0,2393.0,0.0
98314,4501,2014,05-0447801,Department of Housing and Urban Development,HUD,7,Conventional,1,One-to-four family dwelling (other than manufactured housing),1,Home purchase,1,Owner-occupied as a principal dwelling,1,169,Not applicable,3,Loan originated,1,"Providence, Warwick - RI, MA",39300.0,Rhode Island,RI,44,Providence County,7.0,128.03,Not Hispanic or Latino,2,Not Hispanic or Latino,2,White,5,,,,,,,,,White,5,,,,,,,,,Male,1,Female,2,70.0,"Commercial bank, savings bank or savings association",6,,,,,,,,Not a HOEPA loan,2,Secured by a first lien,1,,,660.0,4776.0,4.360000133514403,72200.0,141.22000122070312,1651.0,1868.0,0.0
156059,28305,2015,26-4599244,Department of Housing and Urban Development,HUD,7,FHA-insured,2,One-to-four family dwelling (other than manufactured housing),1,Refinancing,3,Owner-occupied as a principal dwelling,1,222,Not applicable,3,Application denied by financial institution,3,"Providence, Warwick - RI, MA",39300.0,Rhode Island,RI,44,Providence County,7.0,127.02,Not Hispanic or Latino,2,No co-applicant,5,White,5,,,,,,,,,No co-applicant,8,,,,,,,,,Female,2,No co-applicant,5,60.0,Loan was not originated or was not sold in calendar year covered by register,0,,,,,,,,Not a HOEPA loan,2,Secured by a first lien,1,,,232748.0,4641.0,3.809999942779541,74400.0,140.9600067138672,1682.0,1667.0,0.0
213116,41751,2013,22-2894356,Department of Housing and Urban Development,HUD,7,Conventional,1,One-to-four family dwelling (other than manufactured housing),1,Refinancing,3,Owner-occupied as a principal dwelling,1,172,Not applicable,3,Loan purchased by the institution,6,"Providence, New Bedford, Fall River - RI, MA",39300.0,Rhode Island,RI,44,Washington County,9.0,506.0,Not Hispanic or Latino,2,No co-applicant,5,White,5,,,,,,,,,No co-applicant,8,,,,,,,,,Female,2,No co-applicant,5,34.0,Freddie Mac (FHLMC),3,,,,,,,,Not a HOEPA loan,2,Not applicable,4,,,2509.0,7708.0,4.570000171661377,71100.0,113.13999938964844,2504.0,2801.0,2.0
217468,46103,2013,7197000003,Department of Housing and Urban Development,HUD,7,Conventional,1,One-to-four family dwelling (other than manufactured housing),1,Refinancing,3,Owner-occupied as a principal dwelling,1,226,Not applicable,3,Loan originated,1,"Providence, New Bedford, Fall River - RI, MA",39300.0,Rhode Island,RI,44,Providence County,7.0,15.0,"Information not provided by applicant in mail, Internet, or telephone application",3,"Information not provided by applicant in mail, Internet, or telephone application",3,"Information not provided by applicant in mail, Internet, or telephone application",6,,,,,,,,,"Information not provided by applicant in mail, Internet, or telephone application",6,,,,,,,,,"Information not provided by applicant in mail, Internet, or telephone application",3,"Information not provided by applicant in mail, Internet, or telephone application",3,96.0,Fannie Mae (FNMA),1,,,,,,,,Not a HOEPA loan,2,Secured by a first lien,1,,,11178.0,2994.0,71.68000030517578,71100.0,79.73999786376953,597.0,1123.0,0.0
89205,45167,2016,7442300004,Department of Housing and Urban Development,HUD,7,FHA-insured,2,One-to-four family dwelling (other than manufactured housing),1,Home purchase,1,Owner-occupied as a principal dwelling,1,83,Not applicable,3,Loan originated,1,"Providence, Warwick - RI, MA",39300.0,Rhode Island,RI,44,Providence County,7.0,5.0,Hispanic or Latino,1,No co-applicant,5,White,5,,,,,,,,,No co-applicant,8,,,,,,,,,Male,1,No co-applicant,5,56.0,"Life insurance company, credit union, mortgage bank, or finance company",7,,,,,,,,Not a HOEPA loan,2,Secured by a first lien,1,,,12993.0,3040.0,95.9499969482422,73100.0,27.540000915527344,309.0,959.0,0.0
65738,21700,2016,0003303298,Consumer Financial Protection Bureau,CFPB,9,Conventional,1,One-to-four family dwelling (other than manufactured housing),1,Home purchase,1,Owner-occupied as a principal dwelling,1,800,Not applicable,3,File closed for incompleteness,5,"Providence, Warwick - RI, MA",39300.0,Rhode Island,RI,44,Bristol County,1.0,309.02,Not Hispanic or Latino,2,Not Hispanic or Latino,2,White,5,,,,,,,,,White,5,,,,,,,,,Male,1,Female,2,273.0,Loan was not originated or was not sold in calendar year covered by register,0,,,,,,,,Not a HOEPA loan,2,Secured by a first lien,1,,,12079.0,7037.0,3.7200000286102295,73100.0,122.08999633789062,2300.0,2690.0,0.0
165425,37671,2015,41-1795868,Department of Housing and Urban Development,HUD,7,FHA-insured,2,One-to-four family dwelling (other than manufactured housing),1,Home purchase,1,Owner-occupied as a principal dwelling,1,226,Not applicable,3,Loan purchased by the institution,6,"Providence, Warwick - RI, MA",39300.0,Rhode Island,RI,44,Providence County,7.0,114.03,Not applicable,4,Not applicable,4,Not applicable,7,,,,,,,,,Not applicable,7,,,,,,,,,Not applicable,4,Not applicable,4,,Ginnie Mae (GNMA),2,,,,,,,,Not a HOEPA loan,2,Not applicable,4,,,153045.0,7159.0,8.270000457763674,74400.0,117.9800033569336,2408.0,2481.0,2.0
168412,40658,2015,0000708412,Office of the Comptroller of the Currency,OCC,1,Conventional,1,One-to-four family dwelling (other than manufactured housing),1,Home purchase,1,Owner-occupied as a principal dwelling,1,380,Not applicable,3,Loan originated,1,"Providence, Warwick - RI, MA",39300.0,Rhode Island,RI,44,Washington County,9.0,501.04,Not Hispanic or Latino,2,No co-applicant,5,White,5,,,,,,,,,No co-applicant,8,,,,,,,,,Male,1,No co-applicant,5,98.0,Fannie Mae (FNMA),1,,,,,,,,Not a HOEPA loan,2,Secured by a first lien,1,Quality edit failure only,6.0,122266.0,3934.0,4.46999979019165,74400.0,138.30000305175778,1225.0,1407.0,0.0
219506,48141,2013,75-2921540,Department of Housing and Urban Development,HUD,7,Conventional,1,One-to-four family dwelling (other than manufactured housing),1,Refinancing,3,Owner-occupied as a principal dwelling,1,293,Not applicable,3,Loan originated,1,"Providence, New Bedford, Fall River - RI, MA",39300.0,Rhode Island,RI,44,Newport County,5.0,403.02,Not Hispanic or Latino,2,Not Hispanic or Latino,2,White,5,,,,,,,,,White,5,,,,,,,,,Female,2,Male,1,76.0,Freddie Mac (FHLMC),3,,,,,,,,Not a HOEPA loan,2,Secured by a first lien,1,,,84256.0,2431.0,13.25,71100.0,108.70999908447266,703.0,1114.0,0.0
44196,158,2016,95-4623407,Department of Housing and Urban Development,HUD,7,Conventional,1,One-to-four family dwelling (other than manufactured housing),1,Home purchase,1,Owner-occupied as a principal dwelling,1,124,Not applicable,3,Loan originated,1,"Providence, Warwick - RI, MA",39300.0,Rhode Island,RI,44,Providence County,7.0,129.0,Not Hispanic or Latino,2,Not Hispanic or Latino,2,White,5,,,,,,,,,White,5,,,,,,,,,Male,1,Female,2,55.0,Freddie Mac (FHLMC),3,,,,,,,,Not a HOEPA loan,2,Secured by a first lien,1,,,26734.0,4937.0,4.579999923706055,73100.0,101.86000061035156,1091.0,1885.0,0.0
183892,12527,2013,0000146672,Consumer Financial Protection Bureau,CFPB,9,Conventional,1,One-to-four family dwelling (other than manufactured housing),1,Home purchase,1,Not owner-occupied as a principal dwelling,2,200,Not applicable,3,Application approved but not accepted,2,"Providence, New Bedford, Fall River - RI, MA",39300.0,Rhode Island,RI,44,Providence County,7.0,32.0,Not Hispanic or Latino,2,No co-applicant,5,White,5,,,,,,,,,No co-applicant,8,,,,,,,,,Female,2,No co-applicant,5,156.0,Loan was not originated or was not sold in calendar year covered by register,0,,,,,,,,Not a HOEPA loan,2,Secured by a first lien,1,Quality edit failure only,6.0,143522.0,3270.0,34.919998168945305,71100.0,112.2699966430664,786.0,1635.0,0.0
83535,39497,2016,38-2750395,Department of Housing and Urban Development,HUD,7,Conventional,1,One-to-four family dwelling (other than manufactured housing),1,Refinancing,3,Owner-occupied as a principal dwelling,1,406,Not applicable,3,Loan originated,1,"Providence, Warwick - RI, MA",39300.0,Rhode Island,RI,44,Kent County,3.0,209.04,Not Hispanic or Latino,2,No co-applicant,5,White,5,,,,,,,,,No co-applicant,8,,,,,,,,,Male,1,No co-applicant,5,260.0,Fannie Mae (FNMA),1,,,,,,,,Not a HOEPA loan,2,Secured by a first lien,1,,,45832.0,3713.0,6.630000114440918,73100.0,191.3999938964844,1170.0,1238.0,0.0
73758,29720,2016,05-0402708,Department of Housing and Urban Development,HUD,7,Conventional,1,One-to-four family dwelling (other than manufactured housing),1,Refinancing,3,Owner-occupied as a principal dwelling,1,405,Not applicable,3,Application withdrawn by applicant,4,"Providence, Warwick - RI, MA",39300.0,Rhode Island,RI,44,Newport County,5.0,416.02,Not Hispanic or Latino,2,No co-applicant,5,"Information not provided by applicant in mail, Internet, or telephone application",6,,,,,,,,,No co-applicant,8,,,,,,,,,Male,1,No co-applicant,5,182.0,Loan was not originated or was not sold in calendar year covered by register,0,,,,,,,,Not a HOEPA loan,2,Secured by a first lien,1,,,4406.0,4420.0,4.230000019073486,73100.0,103.9000015258789,1398.0,1917.0,0.0
210032,38667,2013,05-0402708,Department of Housing and Urban Development,HUD,7,FHA-insured,2,One-to-four family dwelling (other than manufactured housing),1,Refinancing,3,Owner-occupied as a principal dwelling,1,150,Not applicable,3,Application denied by financial institution,3,"Providence, New Bedford, Fall River - RI, MA",39300.0,Rhode Island,RI,44,Providence County,7.0,182.0,Not Hispanic or Latino,2,No co-applicant,5,White,5,,,,,,,,,No co-applicant,8,,,,,,,,,Male,1,No co-applicant,5,45.0,Loan was not originated or was not sold in calendar year covered by register,0,,,,,,,,Not a HOEPA loan,2,Secured by a first lien,1,,,70761.0,2638.0,27.6299991607666,71100.0,65.87000274658203,380.0,768.0,0.0
14744,14744,2017,75-2921540,Department of Housing and Urban Development,HUD,7,Conventional,1,One-to-four family dwelling (other than manufactured housing),1,Refinancing,3,Owner-occupied as a principal dwelling,1,165,Not applicable,3,File closed for incompleteness,5,"Providence, Warwick - RI, MA",39300.0,Rhode Island,RI,44,Providence County,7.0,182.0,Not Hispanic or Latino,2,No co-applicant,5,White,5,,,,,,,,,No co-applicant,8,,,,,,,,,Male,1,No co-applicant,5,120.0,Loan was not originated or was not sold in calendar year covered by register,0,,,,,,,,Not a HOEPA loan,2,Secured by a first lien,1,,,,2689.0,40.459999084472656,74500.0,68.26999664306639,330.0,684.0,
174010,2645,2013,0000023623,Federal Deposit Insurance Corporation,FDIC,3,Conventional,1,One-to-four family dwelling (other than manufactured housing),1,Refinancing,3,Owner-occupied as a principal dwelling,1,405,Not applicable,3,Application withdrawn by applicant,4,"Providence, New Bedford, Fall River - RI, MA",39300.0,Rhode Island,RI,44,Kent County,3.0,207.02,Not Hispanic or Latino,2,Not Hispanic or Latino,2,White,5,,,,,,,,,White,5,,,,,,,,,Male,1,Female,2,81.0,Loan was not originated or was not sold in calendar year covered by register,0,,,,,,,,Not a HOEPA loan,2,Secured by a first lien,1,,,396.0,4632.0,3.9700000286102295,71100.0,116.51000213623048,1610.0,1883.0,0.0
194946,23581,2013,703835,Office of the Comptroller of the Currency,OCC,1,Conventional,1,One-to-four family dwelling (other than manufactured housing),1,Refinancing,3,Owner-occupied as a principal dwelling,1,170,Not applicable,3,Loan originated,1,"Providence, New Bedford, Fall River - RI, MA",39300.0,Rhode Island,RI,44,Newport County,5.0,416.02,Not Hispanic or Latino,2,Not Hispanic or Latino,2,White,5,,,,,,,,,White,5,,,,,,,,,Female,2,Male,1,65.0,Fannie Mae (FNMA),1,,,,,,,,Not a HOEPA loan,2,Secured by a first lien,1,,,836.0,4420.0,4.230000019073486,71100.0,103.9000015258789,1398.0,1917.0,0.0
117495,23682,2014,0000852218,Consumer Financial Protection Bureau,CFPB,9,Conventional,1,One-to-four family dwelling (other than manufactured housing),1,Home purchase,1,Not owner-occupied as a principal dwelling,2,1173,Not applicable,3,Loan originated,1,"Providence, Warwick - RI, MA",39300.0,Rhode Island,RI,44,Washington County,9.0,415.0,Not Hispanic or Latino,2,No co-applicant,5,White,5,,,,,,,,,No co-applicant,8,,,,,,,,,Male,1,No co-applicant,5,,Loan was not originated or was not sold in calendar year covered by register,0,,,,,,,,Not a HOEPA loan,2,Secured by a first lien,1,Quality edit failure only,6.0,125695.0,1051.0,5.329999923706055,72200.0,128.3699951171875,352.0,1650.0,0.0
100024,6211,2014,20-0192872,Department of Housing and Urban Development,HUD,7,FHA-insured,2,One-to-four family dwelling (other than manufactured housing),1,Refinancing,3,Owner-occupied as a principal dwelling,1,152,Not applicable,3,Application denied by financial institution,3,"Providence, Warwick - RI, MA",39300.0,Rhode Island,RI,44,Washington County,9.0,508.01,"Information not provided by applicant in mail, Internet, or telephone application",3,"Information not provided by applicant in mail, Internet, or telephone application",3,"Information not provided by applicant in mail, Internet, or telephone application",6,,,,,,,,,"Information not provided by applicant in mail, Internet, or telephone application",6,,,,,,,,,"Information not provided by applicant in mail, Internet, or telephone application",3,"Information not provided by applicant in mail, Internet, or telephone application",3,,Loan was not originated or was not sold in calendar year covered by register,0,Other,9.0,,,,,,Not a HOEPA loan,2,Secured by a first lien,1,Quality edit failure only,6.0,7248.0,5907.0,12.359999656677244,72200.0,67.87000274658203,991.0,2451.0,0.0
67107,23069,2016,0002434113,Federal Reserve System,FRS,2,Conventional,1,One-to-four family dwelling (other than manufactured housing),1,Refinancing,3,Owner-occupied as a principal dwelling,1,265,Not applicable,3,Application denied by financial institution,3,"Providence, Warwick - RI, MA",39300.0,Rhode Island,RI,44,Newport County,5.0,410.0,Not Hispanic or Latino,2,No co-applicant,5,White,5,,,,,,,,,No co-applicant,8,,,,,,,,,Male,1,No co-applicant,5,40.0,Loan was not originated or was not sold in calendar year covered by register,0,,,,,,,,Not a HOEPA loan,2,Secured by a first lien,1,,,195.0,1965.0,9.770000457763672,73100.0,113.02999877929688,392.0,1003.0,0.0
126794,32981,2014,05-0447801,Department of Housing and Urban Development,HUD,7,VA-guaranteed,3,One-to-four family dwelling (other than manufactured housing),1,Refinancing,3,Owner-occupied as a principal dwelling,1,160,Not applicable,3,Application withdrawn by applicant,4,"Providence, Warwick - RI, MA",39300.0,Rhode Island,RI,44,Providence County,7.0,165.0,Not Hispanic or Latino,2,No co-applicant,5,White,5,,,,,,,,,No co-applicant,8,,,,,,,,,Female,2,No co-applicant,5,49.0,Loan was not originated or was not sold in calendar year covered by register,0,,,,,,,,Not a HOEPA loan,2,Secured by a first lien,1,,,473.0,3749.0,31.3700008392334,72200.0,120.0,960.0,1617.0,0.0
190257,18892,2013,480228,Consumer Financial Protection Bureau,CFPB,9,Conventional,1,One-to-four family dwelling (other than manufactured housing),1,Refinancing,3,Not owner-occupied as a principal dwelling,2,107,Not applicable,3,Loan originated,1,"Providence, New Bedford, Fall River - RI, MA",39300.0,Rhode Island,RI,44,Providence County,7.0,114.03,Not Hispanic or Latino,2,Not Hispanic or Latino,2,White,5,,,,,,,,,White,5,,,,,,,,,Male,1,Female,2,80.0,Freddie Mac (FHLMC),3,,,,,,,,Not a HOEPA loan,2,Secured by a first lien,1,,,473680.0,7159.0,8.270000457763674,71100.0,117.9800033569336,2408.0,2481.0,0.0
181259,9894,2013,0000476810,Consumer Financial Protection Bureau,CFPB,9,Conventional,1,One-to-four family dwelling (other than manufactured housing),1,Refinancing,3,Owner-occupied as a principal dwelling,1,42,Not applicable,3,Loan originated,1,"Providence, New Bedford, Fall River - RI, MA",39300.0,Rhode Island,RI,44,Providence County,7.0,171.0,Not Hispanic or Latino,2,Not Hispanic or Latino,2,White,5,,,,,,,,,White,5,,,,,,,,,Male,1,Female,2,48.0,Affiliate institution,8,,,,,,,,Not a HOEPA loan,2,Secured by a first lien,1,Quality edit failure only,6.0,182231.0,4882.0,46.849998474121094,71100.0,60.709999084472656,1028.0,1653.0,0.0
122599,28786,2014,75-3170028,Department of Housing and Urban Development,HUD,7,Conventional,1,One-to-four family dwelling (other than manufactured housing),1,Home purchase,1,Owner-occupied as a principal dwelling,1,148,Not applicable,3,Loan purchased by the institution,6,"Providence, Warwick - RI, MA",39300.0,Rhode Island,RI,44,Providence County,7.0,120.0,Not applicable,4,Not applicable,4,Not applicable,7,,,,,,,,,Not applicable,7,,,,,,,,,Not applicable,4,Not applicable,4,,Freddie Mac (FHLMC),3,,,,,,,,Not a HOEPA loan,2,Not applicable,4,,,35090.0,5935.0,14.489999771118164,72200.0,104.8499984741211,1849.0,2244.0,2.0
216534,45169,2013,36-4327855,Department of Housing and Urban Development,HUD,7,Conventional,1,One-to-four family dwelling (other than manufactured housing),1,Home purchase,1,Owner-occupied as a principal dwelling,1,67,Preapproval was not requested,2,Loan originated,1,"Providence, New Bedford, Fall River - RI, MA",39300.0,Rhode Island,RI,44,Kent County,3.0,205.0,Not Hispanic or Latino,2,No co-applicant,5,White,5,,,,,,,,,No co-applicant,8,,,,,,,,,Female,2,No co-applicant,5,18.0,Freddie Mac (FHLMC),3,,,,,,,,Not a HOEPA loan,2,Secured by a first lien,1,,,52183.0,4260.0,10.229999542236328,71100.0,111.3499984741211,1145.0,1682.0,0.0
26494,26494,2017,0000017764,Federal Deposit Insurance Corporation,FDIC,3,Conventional,1,One-to-four family dwelling (other than manufactured housing),1,Home purchase,1,Owner-occupied as a principal dwelling,1,288,Not applicable,3,Loan originated,1,"Providence, Warwick - RI, MA",39300.0,Rhode Island,RI,44,Kent County,3.0,207.01,Not Hispanic or Latino,2,No co-applicant,5,White,5,,,,,,,,,No co-applicant,8,,,,,,,,,Female,2,No co-applicant,5,109.0,Loan was not originated or was not sold in calendar year covered by register,0,,,,,,,,Not a HOEPA loan,2,Secured by a first lien,1,,,,1893.0,8.289999961853027,74500.0,120.3499984741211,552.0,732.0,
201062,29697,2013,852218,Consumer Financial Protection Bureau,CFPB,9,Conventional,1,One-to-four family dwelling (other than manufactured housing),1,Refinancing,3,Not owner-occupied as a principal dwelling,2,93,Not applicable,3,Loan originated,1,"Providence, New Bedford, Fall River - RI, MA",39300.0,Rhode Island,RI,44,Providence County,7.0,24.0,Not Hispanic or Latino,2,Not Hispanic or Latino,2,White,5,,,,,,,,,White,5,,,,,,,,,Male,1,Female,2,50.0,Fannie Mae (FNMA),1,,,,,,,,Not a HOEPA loan,2,Secured by a first lien,1,Quality edit failure only,6.0,886894.0,6760.0,20.84000015258789,71100.0,112.30999755859376,1571.0,2192.0,0.0
24452,24452,2017,0000722777,Consumer Financial Protection Bureau,CFPB,9,Conventional,1,One-to-four family dwelling (other than manufactured housing),1,Home purchase,1,Owner-occupied as a principal dwelling,1,204,Not applicable,3,Loan originated,1,"Providence, Warwick - RI, MA",39300.0,Rhode Island,RI,44,Providence County,7.0,114.03,Not Hispanic or Latino,2,No co-applicant,5,White,5,,,,,,,,,No co-applicant,8,,,,,,,,,Female,2,No co-applicant,5,141.0,Loan was not originated or was not sold in calendar year covered by register,0,,,,,,,,Not a HOEPA loan,2,Secured by a first lien,1,,,,7492.0,6.449999809265138,74500.0,116.41000366210938,2202.0,2342.0,
198844,27479,2013,852218,Consumer Financial Protection Bureau,CFPB,9,Conventional,1,One-to-four family dwelling (other than manufactured housing),1,Refinancing,3,Owner-occupied as a principal dwelling,1,242,Not applicable,3,Loan originated,1,"Providence, New Bedford, Fall River - RI, MA",39300.0,Rhode Island,RI,44,Newport County,5.0,409.0,Not Hispanic or Latino,2,Not Hispanic or Latino,2,White,5,,,,,,,,,White,5,,,,,,,,,Male,1,Female,2,106.0,Freddie Mac (FHLMC),3,,,,,,,,Not a HOEPA loan,2,Secured by a first lien,1,Quality edit failure only,6.0,262320.0,4738.0,8.060000419616701,71100.0,132.97999572753906,1090.0,2190.0,0.0
62334,18296,2016,0000504713,Consumer Financial Protection Bureau,CFPB,9,Conventional,1,One-to-four family dwelling (other than manufactured housing),1,Home improvement,2,Owner-occupied as a principal dwelling,1,255,Not applicable,3,Loan purchased by the institution,6,"Providence, Warwick - RI, MA",39300.0,Rhode Island,RI,44,Kent County,3.0,222.01,Not applicable,4,Not applicable,4,Not applicable,7,,,,,,,,,Not applicable,7,,,,,,,,,Not applicable,4,Not applicable,4,,Loan was not originated or was not sold in calendar year covered by register,0,,,,,,,,Not a HOEPA loan,2,Not applicable,4,,,272030.0,6799.0,9.619999885559082,73100.0,173.89999389648438,2053.0,2204.0,2.0
107066,13253,2014,0000504713,Consumer Financial Protection Bureau,CFPB,9,Conventional,1,One-to-four family dwelling (other than manufactured housing),1,Refinancing,3,Owner-occupied as a principal dwelling,1,182,Not applicable,3,Loan originated,1,"Providence, Warwick - RI, MA",39300.0,Rhode Island,RI,44,Providence County,7.0,123.0,Not Hispanic or Latino,2,No co-applicant,5,White,5,,,,,,,,,No co-applicant,8,,,,,,,,,Male,1,No co-applicant,5,60.0,Freddie Mac (FHLMC),3,,,,,,,,Not a HOEPA loan,2,Secured by a first lien,1,Quality edit failure only,6.0,217582.0,6656.0,9.8100004196167,72200.0,93.20999908447266,2067.0,2652.0,0.0
138108,10354,2015,0000067269,National Credit Union Administration,NCUA,5,Conventional,1,One-to-four family dwelling (other than manufactured housing),1,Refinancing,3,Owner-occupied as a principal dwelling,1,36,Not applicable,3,Loan originated,1,"Providence, Warwick - RI, MA",39300.0,Rhode Island,RI,44,Providence County,7.0,132.01,Not Hispanic or Latino,2,No co-applicant,5,White,5,,,,,,,,,No co-applicant,8,,,,,,,,,Female,2,No co-applicant,5,75.0,Loan was not originated or was not sold in calendar year covered by register,0,,,,,,,,Not a HOEPA loan,2,Secured by a first lien,1,,,374.0,4532.0,3.309999942779541,74400.0,109.63999938964844,1340.0,1697.0,0.0
218236,46871,2013,7197000003,Department of Housing and Urban Development,HUD,7,Conventional,1,One-to-four family dwelling (other than manufactured housing),1,Refinancing,3,Owner-occupied as a principal dwelling,1,238,Not applicable,3,Application approved but not accepted,2,"Providence, New Bedford, Fall River - RI, MA",39300.0,Rhode Island,RI,44,Washington County,9.0,503.01,Not Hispanic or Latino,2,No co-applicant,5,White,5,,,,,,,,,No co-applicant,8,,,,,,,,,Male,1,No co-applicant,5,54.0,Loan was not originated or was not sold in calendar year covered by register,0,,,,,,,,Not a HOEPA loan,2,Secured by a first lien,1,,,230704.0,4684.0,4.9099998474121085,71100.0,138.69999694824222,1354.0,1708.0,0.0
85532,41494,2016,75-2921540,Department of Housing and Urban Development,HUD,7,Conventional,1,One-to-four family dwelling (other than manufactured housing),1,Refinancing,3,Owner-occupied as a principal dwelling,1,210,Not applicable,3,File closed for incompleteness,5,"Providence, Warwick - RI, MA",39300.0,Rhode Island,RI,44,Providence County,7.0,126.01,Not Hispanic or Latino,2,Not Hispanic or Latino,2,White,5,,,,,,,,,White,5,,,,,,,,,Male,1,Female,2,61.0,Loan was not originated or was not sold in calendar year covered by register,0,,,,,,,,Not a HOEPA loan,2,Secured by a first lien,1,,,147439.0,4409.0,11.300000190734865,73100.0,137.1199951171875,638.0,612.0,0.0
74390,30352,2016,22-3665409,Department of Housing and Urban Development,HUD,7,Conventional,1,One-to-four family dwelling (other than manufactured housing),1,Home purchase,1,Owner-occupied as a principal dwelling,1,232,Not applicable,3,Loan originated,1,"Providence, Warwick - RI, MA",39300.0,Rhode Island,RI,44,Washington County,9.0,511.01,Not Hispanic or Latino,2,No co-applicant,5,White,5,,,,,,,,,No co-applicant,8,,,,,,,,,Female,2,No co-applicant,5,75.0,"Life insurance company, credit union, mortgage bank, or finance company",7,,,,,,,,Not a HOEPA loan,2,Secured by a first lien,1,,,1930.0,4665.0,6.800000190734862,73100.0,115.05999755859376,1695.0,2622.0,0.0
220359,48994,2013,36-4327855,Department of Housing and Urban Development,HUD,7,Conventional,1,One-to-four family dwelling (other than manufactured housing),1,Home purchase,1,Owner-occupied as a principal dwelling,1,140,Preapproval was not requested,2,Loan originated,1,"Providence, New Bedford, Fall River - RI, MA",39300.0,Rhode Island,RI,44,Newport County,5.0,411.0,Not Hispanic or Latino,2,Not Hispanic or Latino,2,White,5,,,,,,,,,White,5,,,,,,,,,Male,1,Female,2,48.0,Freddie Mac (FHLMC),3,,,,,,,,Not a HOEPA loan,2,Secured by a first lien,1,,,33378.0,1573.0,19.38999938964844,71100.0,136.77999877929688,441.0,1008.0,0.0
165262,37508,2015,0000852320,Consumer Financial Protection Bureau,CFPB,9,FHA-insured,2,One-to-four family dwelling (other than manufactured housing),1,Home purchase,1,Owner-occupied as a principal dwelling,1,142,Not applicable,3,Loan purchased by the institution,6,"Providence, Warwick - RI, MA",39300.0,Rhode Island,RI,44,Providence County,7.0,4.0,Not applicable,4,Not applicable,4,Not applicable,7,,,,,,,,,Not applicable,7,,,,,,,,,Not applicable,4,Not applicable,4,,Ginnie Mae (GNMA),2,,,,,,,,Not a HOEPA loan,2,Not applicable,4,,,77818.0,3761.0,96.36000061035156,74400.0,33.419998168945305,287.0,1356.0,2.0
136496,8742,2015,20-2272566,Department of Housing and Urban Development,HUD,7,FHA-insured,2,One-to-four family dwelling (other than manufactured housing),1,Home purchase,1,Owner-occupied as a principal dwelling,1,101,Not applicable,3,Loan originated,1,"Providence, Warwick - RI, MA",39300.0,Rhode Island,RI,44,Providence County,7.0,27.0,Not Hispanic or Latino,2,No co-applicant,5,White,5,,,,,,,,,No co-applicant,8,,,,,,,,,Female,2,No co-applicant,5,29.0,Other type of purchaser,9,,,,,,,3.91,Not a HOEPA loan,2,Secured by a first lien,1,,,177.0,5777.0,66.94000244140625,74400.0,26.040000915527344,393.0,1359.0,0.0
138668,10914,2015,0000065861,National Credit Union Administration,NCUA,5,Conventional,1,One-to-four family dwelling (other than manufactured housing),1,Refinancing,3,Owner-occupied as a principal dwelling,1,125,Not applicable,3,Loan originated,1,"Providence, Warwick - RI, MA",39300.0,Rhode Island,RI,44,Newport County,5.0,403.02,Not Hispanic or Latino,2,Not Hispanic or Latino,2,White,5,,,,,,,,,White,5,,,,,,,,,Male,1,Female,2,55.0,Fannie Mae (FNMA),1,,,,,,,,Not a HOEPA loan,2,Secured by a first lien,1,,,225.0,2431.0,13.25,74400.0,108.70999908447266,703.0,1114.0,0.0
87002,42964,2016,7505400005,Department of Housing and Urban Development,HUD,7,Conventional,1,One-to-four family dwelling (other than manufactured housing),1,Home purchase,1,Owner-occupied as a principal dwelling,1,112,Not applicable,3,Loan purchased by the institution,6,"Providence, Warwick - RI, MA",39300.0,Rhode Island,RI,44,Providence County,7.0,181.0,Not applicable,4,Not applicable,4,Not applicable,7,,,,,,,,,Not applicable,7,,,,,,,,,Not applicable,4,Not applicable,4,,Fannie Mae (FNMA),1,,,,,,,,Not a HOEPA loan,2,Not applicable,4,,,88879.0,2523.0,33.72999954223633,73100.0,45.43999862670898,250.0,708.0,2.0
41503,41503,2017,0000712504,Office of the Comptroller of the Currency,OCC,1,Conventional,1,One-to-four family dwelling (other than manufactured housing),1,Refinancing,3,Not owner-occupied as a principal dwelling,2,168,Not applicable,3,Loan originated,1,"Providence, Warwick - RI, MA",39300.0,Rhode Island,RI,44,Providence County,7.0,141.0,"Information not provided by applicant in mail, Internet, or telephone application",3,No co-applicant,5,"Information not provided by applicant in mail, Internet, or telephone application",6,,,,,,,,,No co-applicant,8,,,,,,,,,"Information not provided by applicant in mail, Internet, or telephone application",3,No co-applicant,5,42.0,"Life insurance company, credit union, mortgage bank, or finance company",7,,,,,,,,Not a HOEPA loan,2,Secured by a first lien,1,,,,5350.0,57.77999877929688,74500.0,66.69000244140625,765.0,1598.0,
72297,28259,2016,05-0402708,Department of Housing and Urban Development,HUD,7,Conventional,1,One-to-four family dwelling (other than manufactured housing),1,Home purchase,1,Owner-occupied as a principal dwelling,1,181,Preapproval was not requested,2,Loan originated,1,"Providence, Warwick - RI, MA",39300.0,Rhode Island,RI,44,Providence County,7.0,103.0,Not Hispanic or Latino,2,No co-applicant,5,White,5,,,,,,,,,No co-applicant,8,,,,,,,,,Male,1,No co-applicant,5,52.0,Fannie Mae (FNMA),1,,,,,,,,Not a HOEPA loan,2,Secured by a first lien,1,,,50055.0,4090.0,25.28000068664551,73100.0,92.3499984741211,1122.0,1628.0,0.0
10406,10406,2017,0000023623,Federal Deposit Insurance Corporation,FDIC,3,Conventional,1,One-to-four family dwelling (other than manufactured housing),1,Home improvement,2,Owner-occupied as a principal dwelling,1,20,Not applicable,3,Loan originated,1,"Providence, Warwick - RI, MA",39300.0,Rhode Island,RI,44,Washington County,9.0,515.02,Not Hispanic or Latino,2,Not Hispanic or Latino,2,White,5,,,,,,,,,White,5,,,,,,,,,Male,1,Female,2,79.0,Loan was not originated or was not sold in calendar year covered by register,0,,,,,,,,Not a HOEPA loan,2,Not secured by a lien,3,,,,7186.0,5.619999885559082,74500.0,153.25,2502.0,3825.0,
72696,28658,2016,01-0464609,Department of Housing and Urban Development,HUD,7,Conventional,1,One-to-four family dwelling (other than manufactured housing),1,Home purchase,1,Owner-occupied as a principal dwelling,1,174,Not applicable,3,Loan originated,1,"Providence, Warwick - RI, MA",39300.0,Rhode Island,RI,44,Kent County,3.0,214.02,Not Hispanic or Latino,2,No co-applicant,5,White,5,,,,,,,,,No co-applicant,8,,,,,,,,,Male,1,No co-applicant,5,35.0,"Commercial bank, savings bank or savings association",6,,,,,,,,Not a HOEPA loan,2,Secured by a first lien,1,,,22834.0,3660.0,9.31999969482422,73100.0,92.5199966430664,1198.0,1417.0,0.0
218804,47439,2013,7197000003,Department of Housing and Urban Development,HUD,7,Conventional,1,One-to-four family dwelling (other than manufactured housing),1,Refinancing,3,Owner-occupied as a principal dwelling,1,215,Not applicable,3,Loan originated,1,"Providence, New Bedford, Fall River - RI, MA",39300.0,Rhode Island,RI,44,Providence County,7.0,177.0,Not Hispanic or Latino,2,Not Hispanic or Latino,2,White,5,,,,,,,,,White,5,,,,,,,,,Male,1,Female,2,68.0,Fannie Mae (FNMA),1,,,,,,,1.64,Not a HOEPA loan,2,Secured by a first lien,1,,,194708.0,3518.0,12.449999809265135,71100.0,83.69000244140625,988.0,1463.0,0.0
85388,41350,2016,75-2921540,Department of Housing and Urban Development,HUD,7,Conventional,1,One-to-four family dwelling (other than manufactured housing),1,Refinancing,3,Owner-occupied as a principal dwelling,1,134,Not applicable,3,Application denied by financial institution,3,"Providence, Warwick - RI, MA",39300.0,Rhode Island,RI,44,Providence County,7.0,21.02,Hispanic or Latino,1,Hispanic or Latino,1,White,5,,,,,,,,,White,5,,,,,,,,,Female,2,Female,2,,Loan was not originated or was not sold in calendar year covered by register,0,,,,,,,,Not a HOEPA loan,2,Secured by a first lien,1,Quality edit failure only,6.0,106594.0,5839.0,75.48999786376953,73100.0,70.69999694824219,867.0,2207.0,0.0
153658,25904,2015,0000090270,Federal Deposit Insurance Corporation,FDIC,3,Conventional,1,One-to-four family dwelling (other than manufactured housing),1,Refinancing,3,Not owner-occupied as a principal dwelling,2,162,Not applicable,3,File closed for incompleteness,5,"Providence, Warwick - RI, MA",39300.0,Rhode Island,RI,44,Newport County,5.0,416.02,Not Hispanic or Latino,2,Not Hispanic or Latino,2,White,5,,,,,,,,,White,5,,,,,,,,,Male,1,Female,2,120.0,Loan was not originated or was not sold in calendar year covered by register,0,,,,,,,,Not a HOEPA loan,2,Secured by a first lien,1,,,608.0,4420.0,4.230000019073486,74400.0,103.9000015258789,1398.0,1917.0,0.0
137575,9821,2015,1635900004,Department of Housing and Urban Development,HUD,7,FHA-insured,2,One-to-four family dwelling (other than manufactured housing),1,Refinancing,3,Owner-occupied as a principal dwelling,1,182,Not applicable,3,File closed for incompleteness,5,"Providence, Warwick - RI, MA",39300.0,Rhode Island,RI,44,Providence County,7.0,108.0,Hispanic or Latino,1,No co-applicant,5,"Information not provided by applicant in mail, Internet, or telephone application",6,,,,,,,,,No co-applicant,8,,,,,,,,,Female,2,No co-applicant,5,103.0,Loan was not originated or was not sold in calendar year covered by register,0,,,,,,,,Not a HOEPA loan,2,Secured by a first lien,1,,,10164.0,4763.0,72.3499984741211,74400.0,43.36000061035156,400.0,1380.0,0.0
62929,18891,2016,0000027269,Federal Deposit Insurance Corporation,FDIC,3,Conventional,1,One-to-four family dwelling (other than manufactured housing),1,Home improvement,2,Owner-occupied as a principal dwelling,1,175,Not applicable,3,Loan originated,1,"Providence, Warwick - RI, MA",39300.0,Rhode Island,RI,44,Providence County,7.0,131.02,Not Hispanic or Latino,2,Not Hispanic or Latino,2,White,5,,,,,,,,,White,5,,,,,,,,,Male,1,Female,2,102.0,Fannie Mae (FNMA),1,,,,,,,,Not a HOEPA loan,2,Secured by a first lien,1,Quality edit failure only,6.0,406.0,5156.0,3.4100000858306885,73100.0,120.6500015258789,1767.0,2059.0,0.0
174358,2993,2013,0000023623,Federal Deposit Insurance Corporation,FDIC,3,Conventional,1,One-to-four family dwelling (other than manufactured housing),1,Refinancing,3,Owner-occupied as a principal dwelling,1,179,Not applicable,3,Loan originated,1,"Providence, New Bedford, Fall River - RI, MA",39300.0,Rhode Island,RI,44,Washington County,9.0,508.01,Not Hispanic or Latino,2,No co-applicant,5,White,5,,,,,,,,,No co-applicant,8,,,,,,,,,Female,2,No co-applicant,5,46.0,Other type of purchaser,9,,,,,,,,Not a HOEPA loan,2,Secured by a first lien,1,,,910.0,5907.0,12.359999656677244,71100.0,67.87000274658203,991.0,2451.0,0.0
127076,33263,2014,0000617677,Consumer Financial Protection Bureau,CFPB,9,VA-guaranteed,3,One-to-four family dwelling (other than manufactured housing),1,Home purchase,1,Owner-occupied as a principal dwelling,1,300,Preapproval was requested,1,Loan originated,1,"Providence, Warwick - RI, MA",39300.0,Rhode Island,RI,44,Newport County,5.0,403.03,Not Hispanic or Latino,2,No co-applicant,5,White,5,,,,,,,,,No co-applicant,8,,,,,,,,,Male,1,No co-applicant,5,117.0,Ginnie Mae (GNMA),2,,,,,,,,Not a HOEPA loan,2,Secured by a first lien,1,,,37905.0,3178.0,26.34000015258789,72200.0,105.5,455.0,944.0,0.0
103937,10124,2014,0000067278,National Credit Union Administration,NCUA,5,Conventional,1,One-to-four family dwelling (other than manufactured housing),1,Refinancing,3,Owner-occupied as a principal dwelling,1,190,Not applicable,3,Loan originated,1,"Providence, Warwick - RI, MA",39300.0,Rhode Island,RI,44,Washington County,9.0,503.01,Not Hispanic or Latino,2,Not Hispanic or Latino,2,White,5,,,,,,,,,White,5,,,,,,,,,Male,1,Female,2,121.0,Loan was not originated or was not sold in calendar year covered by register,0,,,,,,,,Not a HOEPA loan,2,Secured by a first lien,1,,,1248.0,4684.0,4.9099998474121085,72200.0,138.69999694824222,1354.0,1708.0,0.0
101036,7223,2014,41-1795868,Department of Housing and Urban Development,HUD,7,Conventional,1,One-to-four family dwelling (other than manufactured housing),1,Home purchase,1,Owner-occupied as a principal dwelling,1,360,Not applicable,3,Loan purchased by the institution,6,"Providence, Warwick - RI, MA",39300.0,Rhode Island,RI,44,Providence County,7.0,32.0,Not applicable,4,Not applicable,4,Not applicable,7,,,,,,,,,Not applicable,7,,,,,,,,,Not applicable,4,Not applicable,4,,Fannie Mae (FNMA),1,,,,,,,,Not a HOEPA loan,2,Not applicable,4,,,15596.0,3270.0,34.919998168945305,72200.0,112.2699966430664,786.0,1635.0,2.0
145206,17452,2015,0000023623,Federal Deposit Insurance Corporation,FDIC,3,Conventional,1,One-to-four family dwelling (other than manufactured housing),1,Home improvement,2,Not applicable,3,50,Not applicable,3,Loan originated,1,"Providence, Warwick - RI, MA",39300.0,Rhode Island,RI,44,Washington County,9.0,511.02,Not Hispanic or Latino,2,No co-applicant,5,White,5,,,,,,,,,No co-applicant,8,,,,,,,,,Male,1,No co-applicant,5,119.0,Loan was not originated or was not sold in calendar year covered by register,0,,,,,,,,Not a HOEPA loan,2,Secured by a first lien,1,,,82.0,3162.0,5.150000095367432,74400.0,121.16999816894531,898.0,2086.0,0.0
201330,29965,2013,852218,Consumer Financial Protection Bureau,CFPB,9,Conventional,1,One-to-four family dwelling (other than manufactured housing),1,Refinancing,3,Owner-occupied as a principal dwelling,1,2,Not applicable,3,Loan purchased by the institution,6,"Providence, New Bedford, Fall River - RI, MA",39300.0,Rhode Island,RI,44,Kent County,3.0,209.03,Not applicable,4,Not applicable,4,Not applicable,7,,,,,,,,,Not applicable,7,,,,,,,,,Not applicable,4,Not applicable,4,,Loan was not originated or was not sold in calendar year covered by register,0,,,,,,,,Not a HOEPA loan,2,Not applicable,4,,,1044915.0,5985.0,9.5600004196167,71100.0,176.2100067138672,1868.0,2026.0,2.0
66926,22888,2016,0003303298,Consumer Financial Protection Bureau,CFPB,9,Conventional,1,One-to-four family dwelling (other than manufactured housing),1,Home improvement,2,Owner-occupied as a principal dwelling,1,10,Not applicable,3,Application denied by financial institution,3,"Providence, Warwick - RI, MA",39300.0,Rhode Island,RI,44,Providence County,7.0,1.02,Not Hispanic or Latino,2,No co-applicant,5,White,5,,,,,,,,,No co-applicant,8,,,,,,,,,Male,1,No co-applicant,5,72.0,Loan was not originated or was not sold in calendar year covered by register,0,Credit history,3.0,Debt-to-income ratio,1.0,,,,Not a HOEPA loan,2,Not secured by a lien,3,,,35218.0,5303.0,80.91999816894531,73100.0,57.52999877929688,1060.0,1803.0,0.0
94422,609,2014,0000067278,National Credit Union Administration,NCUA,5,Conventional,1,One-to-four family dwelling (other than manufactured housing),1,Home improvement,2,Owner-occupied as a principal dwelling,1,124,Not applicable,3,Loan originated,1,"Providence, Warwick - RI, MA",39300.0,Rhode Island,RI,44,Providence County,7.0,116.0,Not Hispanic or Latino,2,Not Hispanic or Latino,2,White,5,,,,,,,,,White,5,,,,,,,,,Female,2,Male,1,228.0,Loan was not originated or was not sold in calendar year covered by register,0,,,,,,,,Not a HOEPA loan,2,Secured by a first lien,1,,,6.0,6021.0,10.050000190734863,72200.0,167.14999389648438,2048.0,2126.0,0.0
51990,7952,2016,0000062882,National Credit Union Administration,NCUA,5,Conventional,1,One-to-four family dwelling (other than manufactured housing),1,Refinancing,3,Owner-occupied as a principal dwelling,1,205,Not applicable,3,Loan originated,1,"Providence, Warwick - RI, MA",39300.0,Rhode Island,RI,44,Providence County,7.0,119.02,Not Hispanic or Latino,2,No co-applicant,5,White,5,,,,,,,,,No co-applicant,8,,,,,,,,,Male,1,No co-applicant,5,228.0,Loan was not originated or was not sold in calendar year covered by register,0,,,,,,,,Not a HOEPA loan,2,Secured by a first lien,1,,,2110.0,4780.0,8.949999809265137,73100.0,108.83999633789062,1760.0,1718.0,0.0
5114,5114,2017,05-0402708,Department of Housing and Urban Development,HUD,7,Conventional,1,One-to-four family dwelling (other than manufactured housing),1,Home purchase,1,Owner-occupied as a principal dwelling,1,135,Preapproval was not requested,2,Application denied by financial institution,3,"Providence, Warwick - RI, MA",39300.0,Rhode Island,RI,44,Newport County,5.0,401.03,Not Hispanic or Latino,2,No co-applicant,5,White,5,,,,,,,,,No co-applicant,8,,,,,,,,,Male,1,No co-applicant,5,60.0,Loan was not originated or was not sold in calendar year covered by register,0,Credit history,3.0,,,,,,Not a HOEPA loan,2,Secured by a first lien,1,,,,6439.0,8.199999809265138,74500.0,139.30000305175778,1935.0,3007.0,
94444,631,2014,01-0681100,Department of Housing and Urban Development,HUD,7,FHA-insured,2,One-to-four family dwelling (other than manufactured housing),1,Refinancing,3,Owner-occupied as a principal dwelling,1,114,Not applicable,3,Application denied by financial institution,3,"Providence, Warwick - RI, MA",39300.0,Rhode Island,RI,44,Providence County,7.0,18.0,Hispanic or Latino,1,No co-applicant,5,White,5,,,,,,,,,No co-applicant,8,,,,,,,,,Female,2,No co-applicant,5,15.0,Loan was not originated or was not sold in calendar year covered by register,0,Debt-to-income ratio,1.0,Unverifiable information,6.0,,,,Not a HOEPA loan,2,Secured by a first lien,1,,,609.0,7114.0,80.5,72200.0,53.36000061035156,892.0,1866.0,0.0
80832,36794,2016,22-3665409,Department of Housing and Urban Development,HUD,7,Conventional,1,One-to-four family dwelling (other than manufactured housing),1,Home purchase,1,Not owner-occupied as a principal dwelling,2,380,Not applicable,3,Application withdrawn by applicant,4,"Providence, Warwick - RI, MA",39300.0,Rhode Island,RI,44,Newport County,5.0,408.0,Not Hispanic or Latino,2,No co-applicant,5,White,5,,,,,,,,,No co-applicant,8,,,,,,,,,Female,2,No co-applicant,5,146.0,Loan was not originated or was not sold in calendar year covered by register,0,,,,,,,,Not a HOEPA loan,2,Secured by a first lien,1,,,1971.0,2511.0,15.210000038146973,73100.0,117.83999633789062,613.0,1426.0,0.0
197741,26376,2013,451965,Consumer Financial Protection Bureau,CFPB,9,FHA-insured,2,One-to-four family dwelling (other than manufactured housing),1,Home purchase,1,Owner-occupied as a principal dwelling,1,134,Not applicable,3,Loan purchased by the institution,6,"Providence, New Bedford, Fall River - RI, MA",39300.0,Rhode Island,RI,44,Providence County,7.0,115.0,Not Hispanic or Latino,2,No co-applicant,5,White,5,,,,,,,,,No co-applicant,8,,,,,,,,,Female,2,No co-applicant,5,35.0,Ginnie Mae (GNMA),2,,,,,,,,Not a HOEPA loan,2,Not applicable,4,,,1630381.0,6151.0,10.31999969482422,71100.0,107.83999633789062,1537.0,1720.0,2.0
152900,25146,2015,0000027269,Federal Deposit Insurance Corporation,FDIC,3,Conventional,1,One-to-four family dwelling (other than manufactured housing),1,Home purchase,1,Not owner-occupied as a principal dwelling,2,252,Preapproval was requested,1,Application withdrawn by applicant,4,"Providence, Warwick - RI, MA",39300.0,Rhode Island,RI,44,Washington County,9.0,515.02,"Information not provided by applicant in mail, Internet, or telephone application",3,"Information not provided by applicant in mail, Internet, or telephone application",3,"Information not provided by applicant in mail, Internet, or telephone application",6,,,,,,,,,"Information not provided by applicant in mail, Internet, or telephone application",6,,,,,,,,,"Information not provided by applicant in mail, Internet, or telephone application",3,"Information not provided by applicant in mail, Internet, or telephone application",3,268.0,Loan was not originated or was not sold in calendar year covered by register,0,,,,,,,,Not a HOEPA loan,2,Secured by a first lien,1,Quality edit failure only,6.0,243.0,7258.0,5.5900001525878915,74400.0,130.25,2360.0,3619.0,0.0
80389,36351,2016,20-8921389,Department of Housing and Urban Development,HUD,7,FHA-insured,2,One-to-four family dwelling (other than manufactured housing),1,Home improvement,2,Owner-occupied as a principal dwelling,1,168,Not applicable,3,Loan originated,1,"Providence, Warwick - RI, MA",39300.0,Rhode Island,RI,44,Providence County,7.0,115.0,Not Hispanic or Latino,2,No co-applicant,5,White,5,,,,,,,,,No co-applicant,8,,,,,,,,,Female,2,No co-applicant,5,55.0,Ginnie Mae (GNMA),2,,,,,,,,Not a HOEPA loan,2,Secured by a first lien,1,,,22430.0,6151.0,10.31999969482422,73100.0,107.83999633789062,1537.0,1720.0,0.0
213279,41914,2013,36-4327855,Department of Housing and Urban Development,HUD,7,Conventional,1,One-to-four family dwelling (other than manufactured housing),1,Home purchase,1,Owner-occupied as a principal dwelling,1,152,Preapproval was not requested,2,Loan originated,1,"Providence, New Bedford, Fall River - RI, MA",39300.0,Rhode Island,RI,44,Washington County,9.0,508.01,Not Hispanic or Latino,2,No co-applicant,5,White,5,,,,,,,,,No co-applicant,8,,,,,,,,,Male,1,No co-applicant,5,87.0,Fannie Mae (FNMA),1,,,,,,,,Not a HOEPA loan,2,Secured by a first lien,1,,,61825.0,5907.0,12.359999656677244,71100.0,67.87000274658203,991.0,2451.0,0.0
197726,26361,2013,722777,Consumer Financial Protection Bureau,CFPB,9,Conventional,1,One-to-four family dwelling (other than manufactured housing),1,Refinancing,3,Owner-occupied as a principal dwelling,1,218,Not applicable,3,Loan originated,1,"Providence, New Bedford, Fall River - RI, MA",39300.0,Rhode Island,RI,44,Washington County,9.0,515.02,Not Hispanic or Latino,2,Not Hispanic or Latino,2,White,5,,,,,,,,,White,5,,,,,,,,,Male,1,Female,2,127.0,Loan was not originated or was not sold in calendar year covered by register,0,,,,,,,,Not a HOEPA loan,2,Secured by a first lien,1,,,21961.0,7258.0,5.5900001525878915,71100.0,130.25,2360.0,3619.0,0.0
42861,42861,2017,26-2261031,Department of Housing and Urban Development,HUD,7,Conventional,1,One-to-four family dwelling (other than manufactured housing),1,Refinancing,3,Owner-occupied as a principal dwelling,1,86,Not applicable,3,Application approved but not accepted,2,"Providence, Warwick - RI, MA",39300.0,Rhode Island,RI,44,Providence County,7.0,179.0,Not Hispanic or Latino,2,No co-applicant,5,"Information not provided by applicant in mail, Internet, or telephone application",6,,,,,,,,,No co-applicant,8,,,,,,,,,Male,1,No co-applicant,5,86.0,Loan was not originated or was not sold in calendar year covered by register,0,,,,,,,,Not a HOEPA loan,2,Secured by a first lien,1,,,,3006.0,23.690000534057614,74500.0,34.52000045776367,102.0,1007.0,
